Product Name,Price (â‚¹),Discount
,929,53% off
Embellished Bollywood Lycra Blend Saree,339,85% off
Solid/Plain Kasavu Pure Cotton Saree,299,85% off
Embellished Bollywood Georgette Saree,639,84% off
Embroidered Bollywood Net Saree,925,74% off
Self Design Bollywood Net Saree,299,81% off
Self Design Bollywood Georgette Saree,489,83% off
"Woven, Embroidered Bollywood Art Silk Saree",449,77% off
Embroidered Bollywood Velvet Saree,797,38% off
"Woven Kanjivaram Pure Silk, Art Silk Saree",389,90% off
,659,45% off
,674,64% off
Solid/Plain Handloom Pure Cotton Saree,349,50% off
,939,76% off
Printed Bollywood Georgette Saree,419,86% off
Self Design Kanjivaram Silk Blend Saree,449,86% off
,289,87% off
,949,71% off
,489,90% off
Self Design Bollywood Net Saree,369,63% off
,499,83% off
Ready to Wear Solid/Plain Bollywood Satin Saree,997,80% off
Self Design Bollywood Georgette Saree,429,84% off
"Striped, Embellished Bandhani Georgette Saree",719,86% off
"Self Design Bollywood Chiffon, Georgette Saree",998,86% off
,479,63% off
,429,73% off
Embroidered Bollywood Georgette Saree,499,75% off
"Woven Kanjivaram Pure Silk, Art Silk Saree",459,86% off
,489,90% off
Embellished Bollywood Organza Saree,499,83% off
,1499,81% off
,499,60% off
Woven Kanjivaram Silk Blend Saree,439,93% off
,489,80% off
Self Design Bollywood Georgette Saree,429,84% off
,659,83% off
"Woven Narayanpet Cotton Silk, Cotton Blend Saree",449,90% off
Self Design Bollywood Net Saree,369,63% off
,339,83% off
Solid/Plain Bollywood Georgette Saree,446,76% off
Embellished Bollywood Georgette Saree,899,70% off
Self Design Bollywood Net Saree,299,85% off
,479,84% off
,984,34% off
Embellished Bollywood Velvet Saree,381,74% off
,769,59% off
"Self Design, Embroidered Bollywood Georgette Saree",609,69% off
"Self Design, Printed, Embroidered, Embellished, Woven K...",439,85% off
Embellished Bollywood Georgette Saree,499,83% off
,769,59% off
,769,48% off
,649,67% off
Woven Dharmavaram Jacquard Saree,469,88% off
,769,78% off
"Embroidered Banarasi Pure Silk, Art Silk Saree",479,76% off
"Printed Bollywood Georgette, Satin Saree",429,83% off
"Self Design, Embroidered Daily Wear Velvet, Cotton Silk...",789,76% off
Embellished Bollywood Georgette Saree,609,89% off
Printed Banarasi Cotton Linen Saree,809,64% off
,899,82% off
,769,59% off
,389,87% off
,459,88% off
,619,75% off
Embroidered Bollywood Net Saree,399,86% off
Woven Bollywood Pure Cotton Saree,1949,80% off
,489,80% off
,599,76% off
Woven Kanjivaram Silk Blend Saree,489,90% off
,399,84% off
,808,49% off
"Solid/Plain Bollywood Satin, Silk Blend Saree",649,79% off
"Embroidered Banarasi Pure Silk, Art Silk Saree",479,76% off
,449,87% off
Self Design Bollywood Art Silk Saree,419,76% off
,735,30% off
"Printed, Self Design, Embellished, Woven, Animal Print,...",499,90% off
,279,85% off
,249,87% off
Applique Handloom Pure Cotton Saree,499,78% off
,769,70% off
"Printed, Striped Bollywood Georgette Saree",279,84% off
Self Design Handloom Pure Cotton Saree,394,67% off
Embroidered Bollywood Silk Blend Saree,619,87% off
Self Design Bollywood Net Saree,299,81% off
,849,66% off
,299,84% off
"Embellished, Floral Print, Self Design, Woven Kanjivara...",389,87% off
,404,42% off
Woven Mysore Pure Silk Saree,399,80% off
"Printed, Floral Print Daily Wear Georgette Saree",449,85% off
Embellished Bollywood Georgette Saree,639,84% off
Printed Sambalpuri Pure Cotton Saree,479,79% off
Woven Tant Pure Cotton Saree,629,87% off
"Self Design Kanjivaram Jacquard, Art Silk Saree",449,77% off
,1439,52% off
"Self Design Banarasi Cotton Silk, Jacquard Saree",799,87% off
Printed Handloom Pure Cotton Saree,479,76% off
"Printed Kalamkari Silk Blend, Art Silk Saree",289,83% off
Printed Bollywood Chiffon Saree,436,81% off
,499,90% off
Woven Dharmavaram Jacquard Saree,469,88% off
,449,85% off
,729,75% off
,351,88% off
,429,85% off
,769,78% off
"Self Design Kanjivaram Jacquard, Art Silk Saree",499,91% off
Self Design Bollywood Net Saree,299,81% off
"Self Design Lucknow Chikankari Art Silk, Net Saree",259,76% off
"Self Design, Woven Mysore Velvet Saree",789,76% off
,789,78% off
,279,85% off
,289,85% off
,399,69% off
,499,54% off
Embroidered Bollywood Silk Blend Saree,619,85% off
"Printed, Self Design, Color Block, Blocked Printed Band...",659,67% off
,299,76% off
"Woven Kanjivaram Pure Silk, Art Silk Saree",449,82% off
,459,88% off
"Woven Kanjivaram Jacquard, Art Silk Saree",459,87% off
,359,86% off
,2383,75% off
,339,83% off
Checkered Ikkat Pure Cotton Saree,629,85% off
,599,66% off
"Solid/Plain Bollywood Satin, Silk Blend Saree",699,77% off
Embroidered Bollywood Velvet Saree,797,38% off
,450,79% off
,599,85% off
Solid/Plain Handloom Pure Cotton Saree,410,59% off
,379,84% off
,349,73% off
,349,82% off
,479,56% off
Woven Mekhela Chador Pure Silk Saree,690,68% off
Printed Bollywood Georgette Saree,419,86% off
,499,80% off
"Woven Kanjivaram Cotton Silk, Art Silk Saree",449,89% off
Woven Mysore Pure Silk Saree,399,80% off
"Woven, Embellished, Self Design Bollywood Georgette Sar...",1229,86% off
Self Design Bollywood Net Saree,369,63% off
"Woven, Temple Border, Self Design Handloom Handloom Cot...",878,89% off
Embellished Bollywood Georgette Saree,399,73% off
"Embroidered, Floral Print Bollywood Cotton Silk Saree",799,69% off
"Striped Kanjivaram Tissue, Cotton Silk Saree",449,85% off
,899,70% off
Self Design Bollywood Net Saree,299,81% off
Solid/Plain Mysore Silk Blend Saree,499,83% off
Woven Mekhela Chador Cotton Silk Saree,489,67% off
,359,64% off
"Temple Border, Woven Narayanpet Cotton Silk Saree",634,68% off
,720,62% off
,499,60% off
,749,75% off
Woven Handloom Handloom Pure Cotton Saree,859,66% off
,609,84% off
,399,50% off
"Woven, Self Design Banarasi Silk Blend, Pure Silk Saree",489,90% off
,479,84% off
"Striped, Ombre, Self Design Bollywood Satin Saree",299,76% off
,489,86% off
"Embroidered Banarasi Pure Silk, Art Silk Saree",479,76% off
,649,67% off
"Woven Banarasi Silk Blend, Art Silk Saree",449,85% off
,309,84% off
Embroidered Bollywood Georgette Saree,819,51% off
Printed Banarasi Cotton Linen Saree,809,64% off
,,
"Floral Print, Striped, Printed Bollywood Georgette Sare...",298,77% off
,289,87% off
,599,76% off
,289,75% off
"Printed, Dyed Daily Wear Chiffon, Georgette Saree",629,79% off
Printed Handloom Pure Cotton Saree,569,85% off
Self Design Bollywood Art Silk Saree,419,76% off
Printed Assam Silk Art Silk Saree,289,75% off
,769,82% off
Embroidered Bollywood Supernet Saree,450,54% off
,749,62% off
Embellished Bollywood Lycra Blend Saree,339,85% off
"Woven Kanjivaram Pure Silk, Art Silk Saree",399,90% off
Woven Banarasi Cotton Blend Saree,499,90% off
Floral Print Daily Wear Georgette Saree,299,76% off
,769,78% off
,420,78% off
,459,88% off
,489,78% off
,439,84% off
,289,71% off
"Woven Kanjivaram Pure Silk, Art Silk Saree",459,88% off
,299,80% off
,279,72% off
,459,88% off
"Floral Print, Geometric Print, Printed Daily Wear Georg...",299,79% off
Printed Bandhani Georgette Saree,327,78% off
Ready to Wear Solid/Plain Bollywood Satin Saree,997,80% off
,429,57% off
